{
  "juice": {
    "u": 0.001953125,
    "v": 0.001953125,
    "width": 0.044921875,
    "height": 0.02197265625
  },
  "lion": {
    "u": 0.048828125,
    "v": 0.001953125,
    "width": 0.0341796875,
    "height": 0.01806640625
  },
  "should": {
    "u": 0.0849609375,
    "v": 0.001953125,
    "width": 0.06103515625,
    "height": 0.01806640625
  },
  "sixty": {
    "u": 0.14794921875,
    "v": 0.001953125,
    "width": 0.04296875,
    "height": 0.02197265625
  },
  "album": {
    "u": 0.19287109375,
    "v": 0.001953125,
    "width": 0.056640625,
    "height": 0.01806640625
  },
  "hear": {
    "u": 0.25146484375,
    "v": 0.001953125,
    "width": 0.04296875,
    "height": 0.01806640625
  },
  "magazine": {
    "u": 0.29638671875,
    "v": 0.001953125,
    "width": 0.087890625,
    "height": 0.02197265625
  },
  "health": {
    "u": 0.38623046875,
    "v": 0.001953125,
    "width": 0.056640625,
    "height": 0.01806640625
  },
  "note": {
    "u": 0.44482421875,
    "v": 0.001953125,
    "width": 0.04150390625,
    "height": 0.017578125
  },
  "join": {
    "u": 0.48828125,
    "v": 0.001953125,
    "width": 0.03515625,
    "height": 0.02197265625
  },
  "or": {
    "u": 0.525390625,
    "v": 0.001953125,
    "width": 0.021484375,
    "height": 0.01416015625
  },
  "classmate": {
    "u": 0.548828125,
    "v": 0.001953125,
    "width": 0.09130859375,
    "height": 0.01806640625
  },
  "much": {
    "u": 0.64208984375,
    "v": 0.001953125,
    "width": 0.05126953125,
    "height": 0.01806640625
  },
  "ideal": {
    "u": 0.6953125,
    "v": 0.001953125,
    "width": 0.044921875,
    "height": 0.01806640625
  },
  "goal": {
    "u": 0.7421875,
    "v": 0.001953125,
    "width": 0.04052734375,
    "height": 0.02197265625
  },
  "fifty": {
    "u": 0.78466796875,
    "v": 0.001953125,
    "width": 0.0341796875,
    "height": 0.02197265625
  },
  "funny": {
    "u": 0.82080078125,
    "v": 0.001953125,
    "width": 0.05126953125,
    "height": 0.02197265625
  },
  "often": {
    "u": 0.8740234375,
    "v": 0.001953125,
    "width": 0.046875,
    "height": 0.01806640625
  },
  "rain": {
    "u": 0.9228515625,
    "v": 0.001953125,
    "width": 0.0361328125,
    "height": 0.01806640625
  },
  "shower": {
    "u": 0.001953125,
    "v": 0.02587890625,
    "width": 0.06689453125,
    "height": 0.01806640625
  },
  "know": {
    "u": 0.07080078125,
    "v": 0.02587890625,
    "width": 0.04931640625,
    "height": 0.01806640625
  },
  "'s": {
    "u": 0.1220703125,
    "v": 0.02587890625,
    "width": 0.017578125,
    "height": 0.01806640625
  },
  "lily": {
    "u": 0.1416015625,
    "v": 0.02587890625,
    "width": 0.02685546875,
    "height": 0.02197265625
  },
  "drink": {
    "u": 0.17041015625,
    "v": 0.02587890625,
    "width": 0.0458984375,
    "height": 0.01806640625
  },
  "fever": {
    "u": 0.21826171875,
    "v": 0.02587890625,
    "width": 0.04736328125,
    "height": 0.01806640625
  },
  "drop": {
    "u": 0.267578125,
    "v": 0.02587890625,
    "width": 0.04248046875,
    "height": 0.02197265625
  },
  "many": {
    "u": 0.31201171875,
    "v": 0.02587890625,
    "width": 0.05126953125,
    "height": 0.01806640625
  },
  "pool": {
    "u": 0.365234375,
    "v": 0.02587890625,
    "width": 0.04052734375,
    "height": 0.02197265625
  },
  "princess": {
    "u": 0.40771484375,
    "v": 0.02587890625,
    "width": 0.076171875,
    "height": 0.02197265625
  },
  "stand": {
    "u": 0.48583984375,
    "v": 0.02587890625,
    "width": 0.05126953125,
    "height": 0.01806640625
  },
  "camp": {
    "u": 0.5390625,
    "v": 0.02587890625,
    "width": 0.05126953125,
    "height": 0.01806640625
  },
  "problem": {
    "u": 0.59228515625,
    "v": 0.02587890625,
    "width": 0.07373046875,
    "height": 0.02197265625
  },
  "collect": {
    "u": 0.66796875,
    "v": 0.02587890625,
    "width": 0.05908203125,
    "height": 0.01806640625
  },
  "down": {
    "u": 0.72900390625,
    "v": 0.02587890625,
    "width": 0.05029296875,
    "height": 0.01806640625
  },
  "leg": {
    "u": 0.78125,
    "v": 0.02587890625,
    "width": 0.02978515625,
    "height": 0.02197265625
  },
  "eighteen": {
    "u": 0.81298828125,
    "v": 0.02587890625,
    "width": 0.078125,
    "height": 0.02197265625
  },
  "sad": {
    "u": 0.89306640625,
    "v": 0.02587890625,
    "width": 0.03515625,
    "height": 0.01806640625
  },
  "surf": {
    "u": 0.93017578125,
    "v": 0.02587890625,
    "width": 0.037109375,
    "height": 0.01806640625
  },
  "contest": {
    "u": 0.001953125,
    "v": 0.0498046875,
    "width": 0.06640625,
    "height": 0.017578125
  },
  "clever": {
    "u": 0.0703125,
    "v": 0.0498046875,
    "width": 0.05615234375,
    "height": 0.01806640625
  },
  "enjoy": {
    "u": 0.12841796875,
    "v": 0.0498046875,
    "width": 0.05029296875,
    "height": 0.02197265625
  },
  "who": {
    "u": 0.1806640625,
    "v": 0.0498046875,
    "width": 0.03955078125,
    "height": 0.01806640625
  },
  "borrow": {
    "u": 0.22216796875,
    "v": 0.0498046875,
    "width": 0.06298828125,
    "height": 0.01806640625
  },
  "boat": {
    "u": 0.287109375,
    "v": 0.0498046875,
    "width": 0.04150390625,
    "height": 0.01806640625
  },
  "cut": {
    "u": 0.33056640625,
    "v": 0.0498046875,
    "width": 0.02978515625,
    "height": 0.017578125
  },
  "code": {
    "u": 0.3623046875,
    "v": 0.0498046875,
    "width": 0.0458984375,
    "height": 0.01806640625
  },
  "ring": {
    "u": 0.41015625,
    "v": 0.0498046875,
    "width": 0.0361328125,
    "height": 0.02197265625
  },
  "activity": {
    "u": 0.4482421875,
    "v": 0.0498046875,
    "width": 0.0634765625,
    "height": 0.02197265625
  },
  "color/colour": {
    "u": 0.513671875,
    "v": 0.0498046875,
    "width": 0.1044921875,
    "height": 0.01806640625
  },
  "if": {
    "u": 0.6201171875,
    "v": 0.0498046875,
    "width": 0.0146484375,
    "height": 0.01806640625
  },
  "cartoon": {
    "u": 0.63671875,
    "v": 0.0498046875,
    "width": 0.068359375,
    "height": 0.017578125
  },
  "last name": {
    "u": 0.70703125,
    "v": 0.0498046875,
    "width": 0.087890625,
    "height": 0.01806640625
  },
  "doctor/Dr./Dr": {
    "u": 0.796875,
    "v": 0.0498046875,
    "width": 0.115234375,
    "height": 0.01806640625
  },
  "agree": {
    "u": 0.9140625,
    "v": 0.0498046875,
    "width": 0.05322265625,
    "height": 0.01806640625
  },
  "leave": {
    "u": 0.001953125,
    "v": 0.07373046875,
    "width": 0.05029296875,
    "height": 0.01806640625
  },
  "ready": {
    "u": 0.05419921875,
    "v": 0.07373046875,
    "width": 0.05224609375,
    "height": 0.02197265625
  },
  "saw": {
    "u": 0.1083984375,
    "v": 0.07373046875,
    "width": 0.03857421875,
    "height": 0.01416015625
  },
  "flag": {
    "u": 0.14892578125,
    "v": 0.07373046875,
    "width": 0.03515625,
    "height": 0.02197265625
  },
  "sign": {
    "u": 0.18603515625,
    "v": 0.07373046875,
    "width": 0.03955078125,
    "height": 0.02197265625
  },
  "welcome": {
    "u": 0.2275390625,
    "v": 0.07373046875,
    "width": 0.08056640625,
    "height": 0.01806640625
  },
  "pet": {
    "u": 0.31005859375,
    "v": 0.07373046875,
    "width": 0.03076171875,
    "height": 0.021484375
  },
  "fifteen": {
    "u": 0.3427734375,
    "v": 0.07373046875,
    "width": 0.056640625,
    "height": 0.01806640625
  },
  "heart": {
    "u": 0.4013671875,
    "v": 0.07373046875,
    "width": 0.0478515625,
    "height": 0.01806640625
  },
  "daddy": {
    "u": 0.451171875,
    "v": 0.07373046875,
    "width": 0.056640625,
    "height": 0.02197265625
  },
  "uncle": {
    "u": 0.509765625,
    "v": 0.07373046875,
    "width": 0.05029296875,
    "height": 0.01806640625
  },
  "where": {
    "u": 0.56201171875,
    "v": 0.07373046875,
    "width": 0.056640625,
    "height": 0.01806640625
  },
  "butter": {
    "u": 0.62060546875,
    "v": 0.07373046875,
    "width": 0.0537109375,
    "height": 0.01806640625
  },