{
  "translation": {
    "u": 0.001953125,
    "v": 0.001953125,
    "width": 0.09326171875,
    "height": 0.01806640625
  },
  "audition": {
    "u": 0.09716796875,
    "v": 0.001953125,
    "width": 0.07177734375,
    "height": 0.01806640625
  },
  "jeopardize/jeopardise": {
    "u": 0.1708984375,
    "v": 0.001953125,
    "width": 0.18896484375,
    "height": 0.02197265625
  },
  "cathedral": {
    "u": 0.36181640625,
    "v": 0.001953125,
    "width": 0.08349609375,
    "height": 0.01806640625
  },
  "fiber/fibre": {
    "u": 0.447265625,
    "v": 0.001953125,
    "width": 0.08447265625,
    "height": 0.01806640625
  },
  "unrealistic": {
    "u": 0.53369140625,
    "v": 0.001953125,
    "width": 0.09130859375,
    "height": 0.01806640625
  },
  "mill": {
    "u": 0.626953125,
    "v": 0.001953125,
    "width": 0.033203125,
    "height": 0.01806640625
  },
  "workaholic": {
    "u": 0.662109375,
    "v": 0.001953125,
    "width": 0.095703125,
    "height": 0.01806640625
  },
  "ethic": {
    "u": 0.759765625,
    "v": 0.001953125,
    "width": 0.044921875,
    "height": 0.01806640625
  },
  "cheerfully": {
    "u": 0.806640625,
    "v": 0.001953125,
    "width": 0.0869140625,
    "height": 0.02197265625
  },
  "yield": {
    "u": 0.8955078125,
    "v": 0.001953125,
    "width": 0.0439453125,
    "height": 0.02197265625
  },
  "brag": {
    "u": 0.94140625,
    "v": 0.001953125,
    "width": 0.04248046875,
    "height": 0.02197265625
  },
  "admittedly": {
    "u": 0.001953125,
    "v": 0.02587890625,
    "width": 0.09228515625,
    "height": 0.02197265625
  }
}